DER_without_LM,JER_without_LM,Purity_without_LM,Coverage_without_LM
0.16023515481832373,0.20897259903209436,0.9113789815502895,0.8858216467367893
