,WER,cpWER
without_LM,0.8042307692307692,0.7815384615384615
qwen2_5_1_5b_instruct_zero_shot,0.8042307692307692,0.7815384615384615
qwen2_5_1_5b_instruct_one_shot,0.8042307692307692,0.7815384615384615
qwen2_5_1_5b_instruct_zero_shot_chunked,0.8042307692307692,0.7815384615384615
qwen2_5_1_5b_instruct_one_shot_chunked,0.8042307692307692,0.7815384615384615
