DER_without_LM,JER_without_LM,Purity_without_LM,Coverage_without_LM
0.1210161293938265,0.1666915163796358,0.9440853231880468,0.9174646363880936
