,WER,cpWER
without_LM,0.801969578846118,0.7901781721486382
