DER_without_LM,JER_without_LM,Purity_without_LM,Coverage_without_LM
0.2772364305225121,0.5388549191434904,0.8006858176186838,0.943528890210592
